,assay,index,predicted_value,expected_value,match
0,588458,67,0.0,0.0,True
1,588458,36,0.0,0.0,True
2,588458,9,0.0,0.0,True
3,588458,78,0.0,0.0,True
4,588458,53,0.0,0.0,True
5,588458,68,0.0,0.0,True
6,588458,24,0.0,0.0,True
7,588458,37,0.0,1.0,False
8,588458,27,0.0,1.0,False
9,588458,89,0.0,1.0,False
10,588458,3,0.0,0.0,True
11,588458,5,0.0,1.0,False
12,588458,70,0.0,1.0,False
13,588458,2,0.0,0.0,True
14,588458,59,0.0,1.0,False
15,588458,15,0.0,0.0,True
16,588458,0,0.0,0.0,True
17,588458,14,0.0,0.0,True
18,588334,96,0.0,0.0,True
19,588334,108,0.0,0.0,True
20,588334,93,0.0,0.0,True
21,588334,155,0.0,1.0,False
22,588334,182,0.0,1.0,False
23,588334,102,0.0,1.0,False
24,588334,125,0.0,0.0,True
25,588334,98,0.0,0.0,True
26,588334,139,0.0,1.0,False
27,588334,128,0.0,1.0,False
28,588334,153,0.0,0.0,True
29,588334,109,0.0,1.0,False
30,588334,129,0.0,0.0,True
31,588334,95,0.0,0.0,True
32,588334,172,0.0,0.0,True
33,588334,127,0.0,0.0,True
34,588334,193,0.0,0.0,True
35,588334,103,0.0,0.0,True
36,588334,113,0.0,0.0,True
37,588334,123,0.0,0.0,True
38,588334,148,0.0,0.0,True
39,588334,94,0.0,1.0,False
40,2642,249,0.0,1.0,False
41,2642,279,0.0,0.0,True
42,2642,247,0.0,1.0,False
43,2642,199,0.0,1.0,False
44,2642,253,0.0,0.0,True
45,2642,327,0.0,0.0,True
46,2642,254,0.0,1.0,False
47,2642,285,0.0,0.0,True
48,2642,341,0.0,0.0,True
49,2642,245,0.0,0.0,True
50,2642,237,0.0,0.0,True
51,2642,248,0.0,0.0,True
52,2642,221,0.0,1.0,False
53,2642,343,0.0,0.0,True
54,2642,313,0.0,0.0,True
55,2642,234,0.0,0.0,True
56,2642,294,0.0,0.0,True
57,2642,203,0.0,1.0,False
58,2642,319,0.0,0.0,True
59,2642,269,0.0,1.0,False
60,2642,275,0.0,1.0,False
61,2642,295,0.0,0.0,True
62,2642,261,0.0,0.0,True
63,2642,196,0.0,0.0,True
64,2642,222,0.0,0.0,True
65,2642,287,0.0,0.0,True
66,2642,273,0.0,0.0,True
67,2642,325,0.0,0.0,True
68,2642,230,0.0,0.0,True
69,2642,283,0.0,0.0,True
70,2642,260,0.0,0.0,True
71,2156,368,0.0,0.0,True
72,2156,378,0.0,0.0,True
73,2156,396,0.0,0.0,True
74,2156,426,0.0,0.0,True
75,2156,363,0.0,0.0,True
76,2156,354,0.0,0.0,True
77,2156,437,0.0,1.0,False
78,2156,430,0.0,1.0,False
79,2156,382,0.0,0.0,True
80,2156,355,0.0,0.0,True
81,2156,450,0.0,0.0,True
82,2156,380,0.0,1.0,False
83,2156,446,0.0,1.0,False
84,2156,454,0.0,0.0,True
85,2156,379,0.0,0.0,True
86,2156,352,0.0,1.0,False
87,2156,455,0.0,0.0,True
88,2156,359,0.0,0.0,True
89,2156,410,0.0,0.0,True
90,2156,459,0.0,0.0,True
91,2156,453,0.0,1.0,False
92,2156,408,0.0,0.0,True
93,2156,385,0.0,0.0,True
94,2330,463,0.0,0.0,True
95,2330,466,0.0,1.0,False
96,2330,528,0.0,0.0,True
97,2330,515,0.0,0.0,True
98,2330,480,0.0,0.0,True
99,2330,503,0.0,0.0,True
100,2330,473,0.0,0.0,True
101,2330,486,0.0,0.0,True
102,2330,509,0.0,1.0,False
103,2330,489,0.0,0.0,True
104,2330,517,0.0,1.0,False
105,2330,496,0.0,0.0,True
106,2330,487,0.0,1.0,False
107,2330,519,0.0,0.0,True
108,2216,536,0.0,0.0,True
109,2216,554,0.0,0.0,True
110,2216,628,0.0,0.0,True
111,2216,612,0.0,0.0,True
112,2216,551,0.0,1.0,False
113,2216,619,0.0,0.0,True
114,2216,561,0.0,1.0,False
115,2216,558,0.0,0.0,True
116,2216,643,0.0,0.0,True
117,2216,544,0.0,0.0,True
118,2216,600,0.0,0.0,True
119,2216,613,0.0,1.0,False
120,2216,529,0.0,0.0,True
121,2216,553,0.0,0.0,True
122,2216,535,0.0,0.0,True
123,2216,615,0.0,1.0,False
124,2216,587,0.0,0.0,True
125,2216,608,0.0,1.0,False
126,2216,605,0.0,0.0,True
127,2216,622,0.0,0.0,True
128,2216,546,0.0,0.0,True
129,2216,575,0.0,0.0,True
130,2216,572,0.0,0.0,True
131,2216,647,0.0,1.0,False
132,743015,690,0.0,0.0,True
133,743015,691,0.0,1.0,False
134,743015,684,1.0,1.0,True
135,743015,702,1.0,1.0,True
136,743015,672,0.0,0.0,True
137,743015,693,0.0,0.0,True
138,743015,705,0.0,0.0,True
139,743015,671,0.0,1.0,False
140,743015,674,0.0,0.0,True
141,743015,681,0.0,0.0,True
142,743015,704,0.0,0.0,True
143,743015,692,0.0,0.0,True
144,743015,707,0.0,1.0,False
145,743015,664,0.0,0.0,True
146,743015,649,0.0,0.0,True
147,504444,731,0.0,0.0,True
148,504444,772,0.0,0.0,True
149,504444,752,0.0,0.0,True
150,504444,788,0.0,0.0,True
151,504444,805,0.0,0.0,True
152,504444,933,1.0,1.0,True
153,504444,862,0.0,0.0,True
154,504444,914,0.0,1.0,False
155,504444,754,0.0,0.0,True
156,504444,849,0.0,0.0,True
157,504444,734,0.0,1.0,False
158,504444,787,0.0,1.0,False
159,504444,827,0.0,0.0,True
160,504444,806,0.0,1.0,False
161,504444,719,0.0,0.0,True
162,504444,759,0.0,0.0,True
163,504444,798,0.0,0.0,True
164,504444,817,0.0,0.0,True
165,504444,729,0.0,0.0,True
166,504444,922,1.0,0.0,False
167,504444,910,0.0,0.0,True
168,504444,758,0.0,1.0,False
169,504444,909,0.0,0.0,True
170,504444,741,0.0,0.0,True
171,504444,864,0.0,0.0,True
172,504444,919,0.0,0.0,True
173,504444,854,0.0,0.0,True
174,504444,932,0.0,0.0,True
175,504444,842,0.0,0.0,True
176,504444,829,0.0,0.0,True
177,504444,883,0.0,0.0,True
178,504444,727,0.0,0.0,True
179,504444,893,0.0,0.0,True
180,504444,723,0.0,0.0,True
181,504444,924,0.0,1.0,False
182,504444,793,0.0,0.0,True
183,504444,897,0.0,0.0,True
184,504444,726,0.0,1.0,False
185,504444,847,0.0,0.0,True
186,504444,743,0.0,1.0,False
187,504444,801,0.0,0.0,True
188,504444,792,0.0,0.0,True
189,504444,825,0.0,1.0,False
190,504444,892,1.0,1.0,True
191,894,1049,0.0,0.0,True
192,894,1057,0.0,1.0,False
193,894,994,0.0,0.0,True
194,894,1144,0.0,0.0,True
195,894,1136,0.0,0.0,True
196,894,1032,0.0,1.0,False
197,894,1149,0.0,0.0,True
198,894,1140,0.0,0.0,True
199,894,1114,0.0,0.0,True
200,894,1133,0.0,0.0,True
201,894,979,0.0,0.0,True
202,894,998,0.0,0.0,True
203,894,1108,0.0,0.0,True
204,894,1024,0.0,0.0,True
205,894,1143,0.0,0.0,True
206,894,1079,0.0,0.0,True
207,894,984,0.0,0.0,True
208,894,1081,0.0,1.0,False
209,894,972,0.0,0.0,True
210,894,1031,0.0,0.0,True
211,894,1000,0.0,0.0,True
212,894,1139,0.0,1.0,False
213,894,967,0.0,1.0,False
214,894,1028,0.0,0.0,True
215,894,1109,0.0,0.0,True
216,894,945,0.0,1.0,False
217,894,965,0.0,1.0,False
218,894,1040,0.0,0.0,True
219,894,1004,0.0,0.0,True
220,894,1033,0.0,0.0,True
221,894,1003,0.0,0.0,True
222,894,958,0.0,1.0,False
223,894,1141,0.0,1.0,False
224,894,1077,0.0,0.0,True
225,894,1066,0.0,0.0,True
226,894,1117,0.0,1.0,False
227,894,1161,0.0,0.0,True
228,894,939,0.0,0.0,True
229,894,1018,0.0,0.0,True
230,894,952,0.0,0.0,True
231,894,1091,0.0,0.0,True
232,894,947,0.0,0.0,True
233,894,1012,0.0,0.0,True
234,894,1110,0.0,0.0,True
235,894,1162,0.0,0.0,True
236,894,974,0.0,1.0,False
237,894,1013,0.0,1.0,False
238,720635,1200,0.0,0.0,True
239,720635,1167,0.0,1.0,False
240,720635,1199,0.0,0.0,True
241,720635,1205,0.0,0.0,True
242,720635,1185,0.0,0.0,True
243,720635,1186,0.0,0.0,True
244,720635,1197,0.0,1.0,False
245,720635,1211,0.0,0.0,True
246,720635,1202,0.0,0.0,True
247,720635,1193,0.0,0.0,True
248,720635,1178,0.0,1.0,False
249,1688,1326,0.0,0.0,True
250,1688,1262,0.0,0.0,True
251,1688,1261,0.0,1.0,False
252,1688,1275,0.0,0.0,True
253,1688,1260,0.0,0.0,True
254,1688,1231,0.0,1.0,False
255,1688,1266,0.0,1.0,False
256,1688,1312,0.0,0.0,True
257,1688,1253,0.0,0.0,True
258,1688,1327,0.0,0.0,True
259,1688,1316,0.0,0.0,True
260,1688,1320,0.0,0.0,True
261,1688,1288,0.0,0.0,True
262,1688,1244,0.0,0.0,True
263,1688,1336,0.0,0.0,True
264,1688,1295,0.0,1.0,False
265,1688,1240,0.0,1.0,False
266,1688,1304,0.0,0.0,True
267,1688,1325,0.0,0.0,True
268,1688,1239,0.0,1.0,False
269,1688,1248,0.0,0.0,True
270,1688,1315,0.0,0.0,True
271,1688,1280,0.0,1.0,False
272,1688,1245,0.0,1.0,False
273,1688,1272,0.0,0.0,True
274,2599,1483,0.0,0.0,True
275,2599,1369,0.0,1.0,False
276,2599,1444,0.0,0.0,True
277,2599,1514,0.0,1.0,False
278,2599,1347,0.0,0.0,True
279,2599,1424,0.0,0.0,True
280,2599,1383,0.0,0.0,True
281,2599,1482,0.0,0.0,True
282,2599,1484,0.0,0.0,True
283,2599,1506,0.0,1.0,False
284,2599,1469,0.0,0.0,True
285,2599,1421,0.0,0.0,True
286,2599,1450,0.0,0.0,True
287,2599,1359,0.0,0.0,True
288,2599,1388,0.0,0.0,True
289,2599,1372,0.0,1.0,False
290,2599,1437,0.0,1.0,False
291,2599,1362,0.0,0.0,True
292,2599,1471,0.0,0.0,True
293,2599,1405,0.0,0.0,True
294,2599,1367,0.0,0.0,True
295,2599,1446,0.0,0.0,True
296,2599,1368,0.0,0.0,True
297,2599,1382,0.0,0.0,True
298,2599,1419,0.0,0.0,True
299,2599,1420,0.0,1.0,False
300,2599,1354,0.0,0.0,True
301,2599,1398,0.0,1.0,False
302,2599,1513,0.0,0.0,True
303,2599,1385,0.0,0.0,True
304,2599,1414,0.0,0.0,True
305,2599,1399,0.0,1.0,False
306,2599,1491,0.0,0.0,True
307,2599,1364,0.0,1.0,False
308,2599,1436,0.0,1.0,False
309,2599,1439,0.0,0.0,True
310,602340,1569,0.0,0.0,True
311,602340,1534,0.0,1.0,False
312,602340,1538,0.0,0.0,True
313,602340,1537,0.0,0.0,True
314,602340,1560,0.0,0.0,True
315,602340,1561,0.0,0.0,True
316,602340,1558,0.0,1.0,False
317,602340,1522,0.0,1.0,False
318,602340,1553,0.0,0.0,True
319,602340,1525,0.0,0.0,True
320,602340,1530,0.0,0.0,True
321,602340,1545,0.0,0.0,True
322,2796,1682,0.0,0.0,True
323,2796,1604,0.0,0.0,True
324,2796,1635,0.0,0.0,True
325,2796,1646,0.0,0.0,True
326,2796,1789,0.0,0.0,True
327,2796,1607,0.0,0.0,True
328,2796,1847,0.0,1.0,False
329,2796,1631,0.0,1.0,False
330,2796,1630,0.0,0.0,True
331,2796,1776,0.0,0.0,True
332,2796,1748,0.0,0.0,True
333,2796,1796,0.0,0.0,True
334,2796,1605,0.0,0.0,True
335,2796,1755,0.0,0.0,True
336,2796,1803,0.0,0.0,True
337,2796,1691,0.0,1.0,False
338,2796,1641,0.0,1.0,False
339,2796,1582,0.0,1.0,False
340,2796,1764,0.0,0.0,True
341,2796,1590,0.0,0.0,True
342,2796,1722,0.0,0.0,True
343,2796,1808,0.0,0.0,True
344,2796,1840,0.0,1.0,False
345,2796,1788,0.0,0.0,True
346,2796,1781,0.0,0.0,True
347,2796,1626,0.0,0.0,True
348,2796,1679,0.0,0.0,True
349,2796,1795,0.0,0.0,True
350,2796,1585,0.0,0.0,True
351,2796,1747,0.0,1.0,False
352,2796,1724,0.0,0.0,True
353,2796,1833,0.0,0.0,True
354,2796,1608,0.0,0.0,True
355,2796,1801,0.0,0.0,True
356,2796,1648,0.0,0.0,True
357,2796,1761,0.0,0.0,True
358,2796,1773,0.0,0.0,True
359,2796,1634,0.0,0.0,True
360,2796,1638,0.0,0.0,True
361,2796,1771,0.0,1.0,False
362,2796,1606,0.0,0.0,True
363,2796,1740,0.0,0.0,True
364,2796,1784,0.0,1.0,False
365,2796,1617,0.0,0.0,True
366,2796,1715,0.0,1.0,False
367,2796,1632,0.0,0.0,True
368,2796,1639,0.0,0.0,True
369,2796,1670,0.0,1.0,False
370,2796,1609,0.0,0.0,True
371,2796,1762,0.0,1.0,False
372,2796,1712,0.0,1.0,False
373,2796,1644,0.0,0.0,True
374,2796,1756,0.0,0.0,True
375,2796,1593,0.0,0.0,True
376,504652,2073,0.0,0.0,True
377,504652,2027,0.0,0.0,True
378,504652,1952,0.0,0.0,True
379,504652,2079,0.0,0.0,True
380,504652,2022,0.0,0.0,True
381,504652,1910,0.0,0.0,True
382,504652,1909,0.0,0.0,True
383,504652,1886,0.0,0.0,True
384,504652,2041,0.0,1.0,False
385,504652,1982,0.0,0.0,True
386,504652,1959,0.0,1.0,False
387,504652,2026,0.0,0.0,True
388,504652,2029,0.0,0.0,True
389,504652,2018,0.0,0.0,True
390,504652,1930,0.0,1.0,False
391,504652,1951,0.0,1.0,False
392,504652,1895,0.0,1.0,False
393,504652,1890,0.0,1.0,False
394,504652,2051,0.0,0.0,True
395,504652,1968,0.0,0.0,True
396,504652,1927,0.0,1.0,False
397,504652,1965,0.0,1.0,False
398,504652,1958,0.0,0.0,True
399,504652,1889,0.0,0.0,True
400,504652,1922,0.0,0.0,True
401,504652,1950,0.0,0.0,True
402,504652,2019,0.0,0.0,True
403,504652,2076,0.0,0.0,True
404,504652,1872,0.0,1.0,False
405,504652,1899,0.0,0.0,True
406,504652,1923,0.0,0.0,True
407,504652,2020,0.0,0.0,True
408,504652,1939,0.0,0.0,True
409,504652,1856,0.0,0.0,True
410,504652,2035,0.0,1.0,False
411,504652,1964,0.0,0.0,True
412,504652,2070,0.0,0.0,True
413,504652,2032,0.0,0.0,True
414,504652,1894,0.0,0.0,True
415,504652,1915,0.0,0.0,True
416,504652,1884,0.0,1.0,False
417,504652,1850,0.0,0.0,True
418,504652,2030,0.0,1.0,False
419,504652,1852,0.0,0.0,True
420,504652,1961,0.0,1.0,False
421,504652,1875,0.0,0.0,True
422,504652,1955,0.0,0.0,True
423,504652,1897,0.0,0.0,True
424,651658,2138,0.0,0.0,True
425,651658,2154,0.0,0.0,True
426,651658,2120,0.0,0.0,True
427,651658,2113,0.0,0.0,True
428,651658,2136,0.0,1.0,False
429,651658,2130,0.0,0.0,True
430,651658,2153,0.0,0.0,True
431,651658,2103,0.0,0.0,True
432,651658,2125,0.0,0.0,True
433,651658,2095,0.0,1.0,False
434,651658,2152,0.0,0.0,True
435,651658,2110,0.0,0.0,True
436,651658,2117,0.0,0.0,True
437,651658,2116,0.0,1.0,False
438,651658,2119,0.0,1.0,False
439,651658,2086,0.0,1.0,False
440,720582,2255,0.0,1.0,False
441,720582,2235,0.0,0.0,True
442,720582,2175,0.0,0.0,True
443,720582,2193,0.0,0.0,True
444,720582,2226,0.0,0.0,True
445,720582,2222,0.0,0.0,True
446,720582,2248,0.0,1.0,False
447,720582,2204,0.0,0.0,True
448,720582,2245,0.0,0.0,True
449,720582,2250,0.0,0.0,True
450,720582,2163,0.0,0.0,True
451,720582,2200,0.0,0.0,True
452,720582,2215,0.0,1.0,False
453,720582,2180,0.0,0.0,True
454,720582,2241,0.0,0.0,True
455,720582,2174,0.0,0.0,True
456,720582,2176,0.0,0.0,True
457,720582,2223,0.0,0.0,True
458,720582,2195,0.0,0.0,True
459,624256,2318,0.0,0.0,True
460,624256,2294,0.0,0.0,True
461,624256,2307,0.0,1.0,False
462,624256,2328,0.0,0.0,True
463,624256,2284,0.0,0.0,True
464,624256,2261,0.0,1.0,False
465,624256,2346,0.0,1.0,False
466,624256,2322,0.0,0.0,True
467,624256,2278,0.0,0.0,True
468,624256,2355,0.0,0.0,True
469,624256,2296,0.0,1.0,False
470,624256,2316,0.0,0.0,True
471,624256,2286,0.0,0.0,True
472,624256,2271,0.0,1.0,False
473,624256,2309,0.0,0.0,True
474,624256,2288,0.0,0.0,True
475,624256,2342,0.0,1.0,False
476,624256,2343,0.0,0.0,True
477,624256,2332,0.0,0.0,True
478,624256,2341,0.0,0.0,True
479,1531,2425,0.0,0.0,True
480,1531,2397,0.0,0.0,True
481,1531,2361,0.0,0.0,True
482,1531,2422,0.0,0.0,True
483,1531,2431,0.0,0.0,True
484,1531,2388,0.0,0.0,True
485,1531,2402,0.0,0.0,True
486,1531,2428,0.0,0.0,True
487,1531,2436,1.0,1.0,True
488,1531,2447,0.0,1.0,False
489,1531,2398,0.0,1.0,False
490,1531,2375,0.0,0.0,True
491,1531,2406,0.0,0.0,True
492,1531,2439,0.0,0.0,True
493,1531,2444,0.0,1.0,False
494,1531,2384,0.0,0.0,True
495,1531,2414,0.0,0.0,True
496,1531,2360,0.0,0.0,True
497,1531,2368,0.0,0.0,True
498,588852,2506,0.0,1.0,False
499,588852,2496,0.0,1.0,False
500,588852,2452,0.0,1.0,False
501,588852,2500,0.0,0.0,True
502,588852,2477,0.0,0.0,True
503,588852,2488,0.0,1.0,False
504,588852,2516,0.0,0.0,True
505,588852,2524,0.0,0.0,True
506,588852,2449,0.0,0.0,True
507,588852,2491,0.0,0.0,True
508,588852,2493,0.0,0.0,True
509,588852,2467,0.0,0.0,True
510,588852,2535,0.0,0.0,True
511,588852,2462,0.0,0.0,True
512,588852,2507,0.0,0.0,True
513,588852,2545,0.0,0.0,True
514,588852,2508,0.0,0.0,True
515,588852,2461,0.0,0.0,True
516,588852,2456,0.0,0.0,True
517,588852,2515,0.0,0.0,True
518,485270,2611,0.0,0.0,True
519,485270,2620,0.0,0.0,True
520,485270,2639,0.0,0.0,True
521,485270,2556,0.0,0.0,True
522,485270,2612,0.0,0.0,True
523,485270,2654,0.0,0.0,True
524,485270,2682,0.0,0.0,True
525,485270,2587,0.0,0.0,True
526,485270,2633,0.0,1.0,False
527,485270,2559,0.0,0.0,True
528,485270,2563,0.0,0.0,True
529,485270,2644,0.0,0.0,True
530,485270,2596,0.0,0.0,True
531,485270,2619,0.0,0.0,True
532,485270,2562,0.0,1.0,False
533,485270,2675,0.0,0.0,True
534,485270,2615,0.0,0.0,True
535,485270,2574,0.0,0.0,True
536,485270,2640,0.0,0.0,True
537,485270,2609,0.0,0.0,True
538,485270,2555,0.0,1.0,False
539,485270,2547,0.0,1.0,False
540,485270,2660,0.0,1.0,False
541,485270,2613,0.0,1.0,False
542,485270,2549,0.0,0.0,True
543,485270,2571,0.0,1.0,False
544,485270,2635,0.0,0.0,True
545,485270,2638,0.0,0.0,True
546,485270,2624,0.0,0.0,True
547,485270,2630,0.0,0.0,True
548,743012,2750,0.0,0.0,True
549,743012,2706,1.0,1.0,True
550,743012,2716,0.0,0.0,True
551,743012,2745,1.0,1.0,True
552,743012,2727,0.0,1.0,False
553,743012,2751,0.0,0.0,True
554,743012,2759,0.0,1.0,False
555,743012,2709,0.0,0.0,True
556,743012,2721,0.0,0.0,True
557,743012,2728,0.0,0.0,True
558,743012,2711,0.0,1.0,False
559,743012,2705,0.0,1.0,False
560,743012,2708,0.0,0.0,True
561,743012,2726,0.0,1.0,False
562,743012,2704,0.0,0.0,True
563,777,3056,0.0,1.0,False
564,777,3349,0.0,0.0,True
565,777,3176,0.0,1.0,False
566,777,3276,0.0,0.0,True
567,777,2941,0.0,0.0,True
568,777,2960,0.0,0.0,True
569,777,2908,0.0,0.0,True
570,777,3026,0.0,0.0,True
571,777,3025,0.0,0.0,True
572,777,2947,0.0,0.0,True
573,777,2834,0.0,0.0,True
574,777,3057,0.0,0.0,True
575,777,2923,0.0,0.0,True
576,777,3014,0.0,0.0,True
577,777,3386,0.0,0.0,True
578,777,3118,0.0,0.0,True
579,777,3444,0.0,0.0,True
580,777,3063,0.0,0.0,True
581,777,3027,1.0,0.0,False
582,777,2943,0.0,0.0,True
583,777,3149,0.0,0.0,True
584,777,2989,0.0,0.0,True
585,777,3003,0.0,0.0,True
586,777,3088,0.0,1.0,False
587,777,3175,0.0,0.0,True
588,777,3218,0.0,0.0,True
589,777,3050,0.0,0.0,True
590,777,2851,0.0,0.0,True
591,777,2903,0.0,0.0,True
592,777,3121,0.0,0.0,True
593,777,2775,0.0,1.0,False
594,777,2973,0.0,1.0,False
595,777,3241,0.0,0.0,True
596,777,3068,0.0,0.0,True
597,777,3213,0.0,0.0,True
598,777,3203,0.0,0.0,True
599,777,3024,0.0,0.0,True
600,777,3333,0.0,0.0,True
601,777,2963,1.0,0.0,False
602,777,2906,0.0,0.0,True
603,777,3090,0.0,0.0,True
604,777,3283,0.0,1.0,False
605,777,3439,0.0,0.0,True
606,777,3239,0.0,0.0,True
607,777,2868,0.0,0.0,True
608,777,3263,0.0,0.0,True
609,777,2840,0.0,1.0,False
610,777,3206,0.0,1.0,False
611,777,3371,0.0,1.0,False
612,777,3441,0.0,0.0,True
613,777,2939,0.0,0.0,True
614,777,2893,0.0,1.0,False
615,777,2813,0.0,1.0,False
616,777,3214,0.0,0.0,True
617,777,2778,0.0,1.0,False
618,777,3393,0.0,0.0,True
619,777,2811,0.0,1.0,False
620,777,2962,0.0,1.0,False
621,777,2909,0.0,0.0,True
622,777,3339,0.0,0.0,True
623,777,3185,0.0,0.0,True
624,777,3106,0.0,0.0,True
625,777,3129,0.0,0.0,True
626,777,2843,0.0,0.0,True
627,777,3307,0.0,0.0,True
628,777,3251,0.0,0.0,True
629,777,3168,0.0,0.0,True
630,777,2979,0.0,0.0,True
631,777,3066,0.0,0.0,True
632,777,3266,0.0,0.0,True
633,777,2800,0.0,1.0,False
634,777,3344,0.0,0.0,True
635,777,2897,0.0,0.0,True
636,777,2846,0.0,0.0,True
637,777,3247,0.0,0.0,True
638,777,3313,0.0,0.0,True
639,777,3138,0.0,0.0,True
640,777,3388,0.0,0.0,True
641,777,2863,0.0,0.0,True
642,777,2867,0.0,0.0,True
643,777,3267,0.0,0.0,True
644,777,2884,0.0,1.0,False
645,777,3081,0.0,1.0,False
646,777,3315,0.0,1.0,False
647,777,3429,0.0,0.0,True
648,777,2858,0.0,0.0,True
649,777,2786,0.0,0.0,True
650,777,3285,0.0,1.0,False
651,777,2824,0.0,0.0,True
652,777,3139,0.0,0.0,True
653,777,2984,0.0,0.0,True
654,777,2936,0.0,1.0,False
655,777,2981,0.0,0.0,True
656,777,3110,0.0,0.0,True
657,777,3295,0.0,0.0,True
658,777,2876,0.0,0.0,True
659,777,3402,0.0,0.0,True
660,777,3368,0.0,0.0,True
661,777,3013,0.0,0.0,True
662,777,2980,0.0,0.0,True
663,777,3264,0.0,0.0,True
664,777,2987,0.0,0.0,True
665,777,3272,0.0,0.0,True
666,777,3059,0.0,0.0,True
667,777,2899,0.0,0.0,True
668,777,2831,0.0,0.0,True
669,777,3193,0.0,1.0,False
670,777,3277,0.0,0.0,True
671,777,3223,0.0,0.0,True
672,777,3408,0.0,0.0,True
673,777,3256,0.0,0.0,True
674,777,2961,0.0,1.0,False
675,777,3284,0.0,0.0,True
676,777,3177,0.0,1.0,False
677,777,3197,0.0,0.0,True
678,777,3204,0.0,0.0,True
679,777,2865,0.0,0.0,True
680,777,3058,0.0,1.0,False
681,777,2953,0.0,0.0,True
682,777,2888,1.0,1.0,True
683,777,2946,0.0,1.0,False
684,777,2907,0.0,1.0,False
685,777,3103,0.0,0.0,True
686,777,3431,0.0,0.0,True
687,777,2915,0.0,0.0,True
688,777,3161,0.0,1.0,False
689,777,3157,0.0,0.0,True
690,777,2870,0.0,0.0,True
691,777,3380,0.0,0.0,True
692,777,2817,0.0,0.0,True
693,777,3369,0.0,0.0,True
694,777,3249,0.0,0.0,True
695,777,3421,0.0,0.0,True
696,777,3060,0.0,0.0,True
697,777,3294,0.0,0.0,True
698,777,3152,0.0,1.0,False
699,777,2803,0.0,0.0,True
700,504582,3469,0.0,0.0,True
701,504582,3493,0.0,1.0,False
702,504582,3492,0.0,0.0,True
703,504582,3479,0.0,0.0,True
704,504582,3526,0.0,1.0,False
705,504582,3518,0.0,0.0,True
706,504582,3522,0.0,0.0,True
707,504582,3461,0.0,1.0,False
708,504582,3464,0.0,0.0,True
709,504582,3508,0.0,1.0,False
710,504582,3459,0.0,0.0,True
711,504582,3506,0.0,0.0,True
712,504582,3483,0.0,0.0,True
713,504582,3468,0.0,0.0,True
714,504582,3462,0.0,0.0,True
715,504582,3525,0.0,0.0,True
716,504582,3453,0.0,0.0,True
717,504660,3554,0.0,0.0,True
718,504660,3619,0.0,1.0,False
719,504660,3546,0.0,0.0,True
720,504660,3574,0.0,0.0,True
721,504660,3588,0.0,0.0,True
722,504660,3537,0.0,0.0,True
723,504660,3565,0.0,0.0,True
724,504660,3629,0.0,0.0,True
725,504660,3589,0.0,0.0,True
726,504660,3534,0.0,1.0,False
727,504660,3602,0.0,0.0,True
728,504660,3632,0.0,0.0,True
729,504660,3596,0.0,0.0,True
730,504660,3605,0.0,1.0,False
731,504660,3616,0.0,0.0,True
732,504660,3594,0.0,0.0,True
733,504660,3567,0.0,0.0,True
734,504660,3631,0.0,0.0,True
735,504660,3562,0.0,0.0,True
736,504660,3573,0.0,1.0,False
737,2553,3703,0.0,0.0,True
738,2553,3656,0.0,0.0,True
739,2553,3644,0.0,0.0,True
740,2553,3667,0.0,0.0,True
741,2553,3698,0.0,0.0,True
742,2553,3687,0.0,0.0,True
743,2553,3712,0.0,0.0,True
744,2553,3653,0.0,0.0,True
745,2553,3633,0.0,1.0,False
746,2553,3699,0.0,0.0,True
747,2553,3695,0.0,1.0,False
748,2553,3685,0.0,0.0,True
749,2553,3697,0.0,1.0,False
750,2553,3708,0.0,0.0,True
751,2553,3714,0.0,0.0,True
752,2553,3678,0.0,0.0,True
753,2553,3713,0.0,0.0,True
754,743014,3772,0.0,0.0,True
755,743014,3752,0.0,0.0,True
756,743014,3761,0.0,0.0,True
757,743014,3744,0.0,0.0,True
758,743014,3729,0.0,1.0,False
759,743014,3720,0.0,1.0,False
760,743014,3737,0.0,0.0,True
761,743014,3753,0.0,0.0,True
762,743014,3727,0.0,0.0,True
763,743014,3746,0.0,0.0,True
764,743014,3728,0.0,1.0,False
765,743014,3777,0.0,0.0,True
766,743014,3763,0.0,1.0,False
767,743014,3718,0.0,0.0,True
768,1822,3832,0.0,0.0,True
769,1822,3855,0.0,0.0,True
770,1822,3794,0.0,0.0,True
771,1822,3890,0.0,0.0,True
772,1822,3806,0.0,0.0,True
773,1822,3819,0.0,0.0,True
774,1822,3826,1.0,1.0,True
775,1822,3787,0.0,0.0,True
776,1822,3799,0.0,0.0,True
777,1822,3852,0.0,0.0,True
778,1822,3797,0.0,0.0,True
779,1822,3838,0.0,1.0,False
780,1822,3846,0.0,0.0,True
781,1822,3881,0.0,1.0,False
782,1822,3820,0.0,0.0,True
783,1822,3798,0.0,0.0,True
784,1822,3829,0.0,1.0,False
785,1822,3865,0.0,1.0,False
786,1822,3789,0.0,0.0,True
787,1822,3887,0.0,0.0,True
788,1822,3793,1.0,1.0,True
789,1822,3886,0.0,0.0,True
790,938,3932,0.0,0.0,True
791,938,3999,0.0,0.0,True
792,938,3933,0.0,0.0,True
793,938,3950,0.0,1.0,False
794,938,3996,0.0,1.0,False
795,938,3925,0.0,0.0,True
796,938,3912,0.0,1.0,False
797,938,3916,0.0,0.0,True
798,938,3909,0.0,0.0,True
799,938,3995,0.0,0.0,True
800,938,3951,1.0,0.0,False
801,938,3977,0.0,0.0,True
802,938,3947,0.0,0.0,True
803,938,3952,0.0,0.0,True
804,938,3978,0.0,0.0,True
805,938,3971,0.0,1.0,False
806,938,3944,0.0,0.0,True
807,938,3974,0.0,0.0,True
808,938,3893,0.0,0.0,True
809,938,3900,0.0,1.0,False
810,938,3930,0.0,0.0,True
811,938,3942,0.0,1.0,False
812,938,3957,0.0,0.0,True
813,1529,4046,0.0,0.0,True
814,1529,4052,0.0,0.0,True
815,1529,4029,0.0,1.0,False
816,1529,4032,0.0,0.0,True
817,1529,4077,0.0,0.0,True
818,1529,4042,0.0,0.0,True
819,1529,4014,0.0,0.0,True
820,1529,4010,0.0,0.0,True
821,1529,4085,0.0,0.0,True
822,1529,4117,0.0,0.0,True
823,1529,4101,0.0,0.0,True
824,1529,4035,0.0,0.0,True
825,1529,4112,0.0,1.0,False
826,1529,4060,0.0,0.0,True
827,1529,4034,0.0,0.0,True
828,1529,4050,0.0,1.0,False
829,1529,4116,0.0,1.0,False
830,1529,4068,0.0,1.0,False
831,1529,4087,0.0,0.0,True
832,1529,4019,0.0,0.0,True
833,1529,4113,0.0,0.0,True
834,1529,4051,0.0,1.0,False
835,1529,4095,0.0,1.0,False
836,1529,4009,0.0,0.0,True
837,651610,4177,0.0,0.0,True
838,651610,4240,0.0,1.0,False
839,651610,4168,0.0,1.0,False
840,651610,4182,0.0,0.0,True
841,651610,4174,0.0,0.0,True
842,651610,4209,0.0,1.0,False
843,651610,4126,0.0,1.0,False
844,651610,4135,0.0,0.0,True
845,651610,4148,0.0,0.0,True
846,651610,4139,0.0,0.0,True
847,651610,4175,0.0,0.0,True
848,651610,4238,0.0,0.0,True
849,651610,4162,0.0,0.0,True
850,651610,4171,0.0,1.0,False
851,651610,4226,0.0,0.0,True
852,651610,4144,0.0,1.0,False
853,651610,4173,0.0,0.0,True
854,651610,4210,0.0,0.0,True
855,651610,4172,0.0,0.0,True
856,651610,4146,0.0,0.0,True
857,651610,4131,1.0,0.0,False
858,651610,4137,0.0,0.0,True
859,651610,4129,0.0,0.0,True
860,651610,4213,0.0,0.0,True
861,624466,4287,0.0,0.0,True
862,624466,4319,0.0,0.0,True
863,624466,4314,0.0,0.0,True
864,624466,4302,0.0,1.0,False
865,624466,4255,0.0,0.0,True
866,624466,4290,0.0,0.0,True
867,624466,4349,0.0,1.0,False
868,624466,4322,0.0,0.0,True
869,624466,4245,0.0,0.0,True
870,624466,4289,0.0,0.0,True
871,624466,4297,0.0,0.0,True
872,624466,4336,0.0,0.0,True
873,624466,4340,0.0,1.0,False
874,624466,4343,0.0,0.0,True
875,624466,4272,0.0,1.0,False
876,624466,4327,0.0,0.0,True
877,624466,4304,0.0,0.0,True
878,624466,4371,0.0,0.0,True
879,624466,4292,0.0,0.0,True
880,624466,4273,0.0,0.0,True
881,624466,4250,0.0,0.0,True
882,624466,4342,0.0,0.0,True
883,624466,4317,0.0,0.0,True
884,624466,4347,0.0,1.0,False
885,624466,4318,0.0,0.0,True
886,624466,4351,0.0,1.0,False
887,624466,4253,0.0,0.0,True
888,624466,4249,0.0,0.0,True
889,932,4690,0.0,0.0,True
890,932,4447,0.0,0.0,True
891,932,4662,0.0,0.0,True
892,932,4472,0.0,0.0,True
893,932,4469,0.0,0.0,True
894,932,4595,0.0,0.0,True
895,932,4645,0.0,0.0,True
896,932,4620,0.0,0.0,True
897,932,4419,0.0,0.0,True
898,932,4547,0.0,1.0,False
899,932,4395,0.0,0.0,True
900,932,4424,0.0,0.0,True
901,932,4506,0.0,0.0,True
902,932,4556,0.0,1.0,False
903,932,4467,0.0,0.0,True
904,932,4552,0.0,0.0,True
905,932,4480,0.0,0.0,True
906,932,4414,0.0,0.0,True
907,932,4500,0.0,0.0,True
908,932,4482,0.0,1.0,False
909,932,4703,0.0,0.0,True
910,932,4434,0.0,1.0,False
911,932,4442,0.0,0.0,True
912,932,4702,0.0,1.0,False
913,932,4534,0.0,0.0,True
914,932,4587,0.0,1.0,False
915,932,4444,0.0,0.0,True
916,932,4542,0.0,0.0,True
917,932,4612,0.0,0.0,True
918,932,4471,0.0,0.0,True
919,932,4507,0.0,0.0,True
920,932,4603,0.0,1.0,False
921,932,4431,0.0,0.0,True
922,932,4400,0.0,0.0,True
923,932,4522,0.0,0.0,True
924,932,4675,0.0,1.0,False
925,932,4511,0.0,0.0,True
926,932,4530,0.0,1.0,False
927,932,4676,0.0,0.0,True
928,932,4635,0.0,1.0,False
929,932,4433,0.0,0.0,True
930,932,4701,0.0,1.0,False
931,932,4387,0.0,0.0,True
932,932,4681,1.0,1.0,True
933,932,4710,0.0,0.0,True
934,932,4494,0.0,1.0,False
935,932,4378,0.0,0.0,True
936,932,4423,0.0,1.0,False
937,932,4379,0.0,0.0,True
938,932,4580,0.0,0.0,True
939,932,4586,0.0,0.0,True
940,932,4583,0.0,0.0,True
941,932,4548,0.0,0.0,True
942,932,4457,0.0,0.0,True
943,932,4659,0.0,0.0,True
944,932,4533,0.0,1.0,False
945,932,4694,0.0,0.0,True
946,932,4382,0.0,0.0,True
947,932,4396,0.0,1.0,False
948,932,4563,0.0,0.0,True
949,932,4597,0.0,0.0,True
950,932,4566,0.0,0.0,True
951,932,4420,0.0,0.0,True
952,932,4460,0.0,0.0,True
953,932,4525,0.0,1.0,False
954,932,4592,0.0,0.0,True
955,932,4704,0.0,0.0,True
956,932,4656,0.0,0.0,True
957,720648,4787,0.0,1.0,False
958,720648,4754,0.0,1.0,False
959,720648,4769,0.0,1.0,False
960,720648,4782,0.0,0.0,True
961,720648,4764,0.0,1.0,False
962,720648,4784,0.0,0.0,True
963,720648,4755,0.0,0.0,True
964,720648,4807,0.0,0.0,True
965,720648,4775,0.0,0.0,True
966,720648,4761,0.0,0.0,True
967,720648,4723,0.0,0.0,True
968,720648,4794,0.0,0.0,True
969,720648,4733,0.0,0.0,True
970,720648,4720,0.0,0.0,True
971,720648,4719,0.0,0.0,True
972,720648,4805,0.0,0.0,True
973,720648,4721,0.0,0.0,True
974,720648,4806,0.0,0.0,True
975,720648,4773,0.0,0.0,True
976,2540,4828,0.0,0.0,True
977,2540,4814,0.0,0.0,True
978,2540,4863,0.0,0.0,True
979,2540,4832,0.0,0.0,True
980,2540,4836,0.0,0.0,True
981,2540,4854,0.0,0.0,True
982,2540,4843,0.0,0.0,True
983,2540,4845,0.0,0.0,True
984,2540,4844,0.0,1.0,False
985,2540,4849,0.0,0.0,True
986,2540,4855,0.0,1.0,False
987,2540,4817,0.0,0.0,True
988,2540,4866,0.0,0.0,True
989,2540,4850,0.0,0.0,True
990,2540,4905,0.0,1.0,False
991,2540,4874,0.0,1.0,False
992,2540,4847,0.0,0.0,True
993,2540,4872,0.0,0.0,True
994,2540,4901,0.0,0.0,True
995,2540,4839,0.0,0.0,True
996,2098,4958,0.0,0.0,True
997,2098,4948,0.0,0.0,True
998,2098,4912,0.0,0.0,True
999,2098,4965,0.0,0.0,True
1000,2098,4941,0.0,0.0,True
1001,2098,4989,0.0,1.0,False
1002,2098,4952,0.0,0.0,True
1003,2098,4930,0.0,0.0,True
1004,2098,4909,0.0,0.0,True
1005,2098,4953,0.0,1.0,False
1006,2098,4918,0.0,0.0,True
1007,2098,4983,0.0,0.0,True
1008,2098,4976,0.0,0.0,True
1009,2098,4943,0.0,0.0,True
1010,2098,4971,0.0,1.0,False
1011,2098,4924,0.0,0.0,True
1012,2098,4996,0.0,1.0,False
1013,2098,4954,0.0,0.0,True
1014,2098,4963,0.0,1.0,False
1015,Novartis1,5008,0.0,0.0,True
1016,Novartis1,5025,0.0,0.0,True
1017,Novartis1,5014,0.0,0.0,True
1018,Novartis1,5026,0.0,0.0,True
1019,Novartis1,5005,0.0,1.0,False
1020,Novartis2,5045,0.0,0.0,True
1021,Novartis2,5041,0.0,1.0,False
1022,Novartis2,5052,0.0,1.0,False
1023,Novartis2,5038,0.0,0.0,True
1024,Novartis2,5048,0.0,0.0,True
1025,Novartis2,5033,0.0,1.0,False
1026,2685,5078,0.0,0.0,True
1027,2685,5068,0.0,1.0,False
1028,2685,5056,0.0,0.0,True
1029,2685,5079,0.0,0.0,True
1030,2685,5060,0.0,0.0,True
1031,2685,5071,0.0,0.0,True
1032,2685,5070,0.0,1.0,False
1033,485294,5107,0.0,0.0,True
1034,485294,5088,0.0,0.0,True
1035,485294,5095,0.0,1.0,False
1036,485294,5089,0.0,0.0,True
1037,485294,5097,0.0,0.0,True
1038,2517,5140,0.0,0.0,True
1039,2517,5162,0.0,0.0,True
1040,2517,5151,0.0,0.0,True
1041,2517,5144,0.0,0.0,True
1042,2517,5126,0.0,1.0,False
1043,2517,5156,0.0,0.0,True
1044,2517,5108,0.0,0.0,True
1045,2517,5111,0.0,0.0,True
1046,2517,5138,0.0,0.0,True
1047,2517,5118,0.0,1.0,False
1048,2517,5114,0.0,1.0,False
1049,504333,5317,1.0,1.0,True
1050,504333,5231,1.0,1.0,True
1051,504333,5335,1.0,0.0,False
1052,504333,5251,1.0,0.0,False
1053,504333,5348,1.0,1.0,True
1054,504333,5308,1.0,0.0,False
1055,504333,5189,1.0,0.0,False
1056,504333,5285,1.0,1.0,True
1057,504333,5252,1.0,1.0,True
1058,504333,5212,1.0,0.0,False
1059,504333,5167,1.0,1.0,True
1060,504333,5261,1.0,1.0,True
1061,504333,5260,1.0,1.0,True
1062,504333,5180,1.0,1.0,True
1063,504333,5209,1.0,1.0,True
1064,504333,5258,1.0,1.0,True
1065,504333,5228,1.0,1.0,True
1066,504333,5287,1.0,0.0,False
1067,504333,5309,1.0,0.0,False
1068,504333,5321,1.0,0.0,False
1069,504333,5204,1.0,1.0,True
1070,504333,5243,1.0,0.0,False
1071,504333,5326,1.0,0.0,False
1072,504333,5329,1.0,0.0,False
1073,504333,5218,1.0,0.0,False
1074,504333,5192,1.0,1.0,True
1075,504333,5183,1.0,1.0,True
1076,504333,5245,1.0,1.0,True
1077,504333,5190,1.0,0.0,False
1078,504333,5233,1.0,1.0,True
1079,504333,5164,1.0,1.0,True
1080,504333,5232,1.0,0.0,False
1081,504333,5172,1.0,1.0,True
1082,504333,5242,1.0,1.0,True
1083,504333,5193,1.0,1.0,True
1084,504333,5282,1.0,1.0,True
1085,504333,5306,1.0,1.0,True
1086,504333,5295,1.0,0.0,False
1087,881,5371,0.0,0.0,True
1088,881,5355,0.0,0.0,True
1089,881,5385,0.0,0.0,True
1090,881,5353,0.0,0.0,True
1091,881,5391,0.0,1.0,False
1092,881,5399,0.0,0.0,True
1093,881,5365,0.0,1.0,False
1094,881,5363,0.0,1.0,False
1095,881,5360,0.0,0.0,True
1096,881,5396,0.0,0.0,True
1097,881,5374,0.0,0.0,True
1098,504339,5523,1.0,1.0,True
1099,504339,5450,1.0,1.0,True
1100,504339,5531,1.0,1.0,True
1101,504339,5485,1.0,0.0,False
1102,504339,5518,1.0,1.0,True
1103,504339,5520,1.0,1.0,True
1104,504339,5468,1.0,1.0,True
1105,504339,5534,1.0,1.0,True
1106,504339,5519,1.0,1.0,True
1107,504339,5444,1.0,1.0,True
1108,504339,5423,1.0,0.0,False
1109,504339,5415,1.0,1.0,True
1110,504339,5407,1.0,1.0,True
1111,504339,5443,1.0,0.0,False
1112,504339,5560,1.0,0.0,False
1113,504339,5483,1.0,1.0,True
1114,504339,5511,1.0,1.0,True
1115,504339,5490,1.0,1.0,True
1116,504339,5470,1.0,0.0,False
1117,504339,5498,1.0,1.0,True
1118,504339,5465,1.0,0.0,False
1119,504339,5419,1.0,1.0,True
1120,504339,5439,1.0,1.0,True
1121,504339,5413,1.0,1.0,True
1122,504339,5550,1.0,1.0,True
1123,504339,5503,1.0,1.0,True
1124,504339,5516,1.0,0.0,False
1125,504339,5466,1.0,1.0,True
1126,504339,5430,1.0,1.0,True
1127,504339,5420,1.0,1.0,True
1128,504339,5473,1.0,1.0,True
1129,504339,5409,1.0,1.0,True
1130,504339,5412,1.0,1.0,True
1131,504466,5608,1.0,1.0,True
1132,504466,5604,1.0,0.0,False
1133,504466,5611,1.0,1.0,True
1134,504466,5606,1.0,1.0,True
1135,504466,5583,1.0,0.0,False
1136,504466,5567,1.0,0.0,False
1137,504466,5566,1.0,1.0,True
1138,504466,5622,1.0,1.0,True
1139,504466,5602,1.0,1.0,True
1140,504466,5579,1.0,1.0,True
1141,504466,5598,1.0,1.0,True
1142,504466,5565,1.0,0.0,False
1143,504332,5899,1.0,0.0,False
1144,504332,5904,1.0,0.0,False
1145,504332,5712,1.0,1.0,True
1146,504332,5717,1.0,0.0,False
1147,504332,5749,1.0,1.0,True
1148,504332,5701,1.0,1.0,True
1149,504332,5773,1.0,1.0,True
1150,504332,5765,1.0,0.0,False
1151,504332,5838,1.0,1.0,True
1152,504332,5738,1.0,1.0,True
1153,504332,5715,1.0,0.0,False
1154,504332,5702,1.0,1.0,True
1155,504332,5845,1.0,1.0,True
1156,504332,5830,1.0,1.0,True
1157,504332,5802,1.0,0.0,False
1158,504332,5635,1.0,1.0,True
1159,504332,5850,1.0,0.0,False
1160,504332,5735,1.0,1.0,True
1161,504332,5939,1.0,1.0,True
1162,504332,5742,1.0,0.0,False
1163,504332,5936,1.0,0.0,False
1164,504332,5863,1.0,1.0,True
1165,504332,5661,1.0,1.0,True
1166,504332,5692,1.0,1.0,True
1167,504332,5861,1.0,1.0,True
1168,504332,5708,1.0,0.0,False
1169,504332,5744,1.0,1.0,True
1170,504332,5902,1.0,1.0,True
1171,504332,5693,1.0,1.0,True
1172,504332,5944,1.0,1.0,True
1173,504332,5739,1.0,1.0,True
1174,504332,5926,1.0,1.0,True
1175,504332,5858,1.0,0.0,False
1176,504332,5636,1.0,1.0,True
1177,504332,5925,1.0,1.0,True
1178,504332,5766,1.0,1.0,True
1179,504332,5700,1.0,1.0,True
1180,504332,5893,1.0,1.0,True
1181,504332,5877,1.0,1.0,True
1182,504332,5684,1.0,1.0,True
1183,504332,5678,1.0,0.0,False
1184,504332,5669,1.0,1.0,True
1185,504332,5721,1.0,0.0,False
1186,504332,5672,1.0,1.0,True
1187,504332,5777,1.0,1.0,True
1188,504332,5813,1.0,1.0,True
1189,504332,5758,1.0,0.0,False
1190,504332,5854,1.0,1.0,True
1191,504332,5768,1.0,1.0,True
1192,504332,5828,1.0,1.0,True
1193,504332,5662,1.0,1.0,True
1194,504332,5632,1.0,0.0,False
1195,504332,5943,1.0,1.0,True
1196,504332,5890,1.0,1.0,True
1197,504332,5696,1.0,1.0,True
1198,504332,5898,1.0,1.0,True
1199,504332,5716,1.0,0.0,False
1200,504332,5843,1.0,1.0,True
1201,504332,5870,1.0,1.0,True
1202,504332,5809,1.0,1.0,True
1203,504332,5896,1.0,1.0,True
1204,504332,5921,1.0,1.0,True
1205,504332,5631,1.0,1.0,True
1206,504332,5764,1.0,1.0,True
1207,504332,5932,1.0,1.0,True
1208,504332,5733,1.0,1.0,True
1209,504327,5960,0.0,1.0,False
1210,504327,5969,0.0,0.0,True
1211,504327,5953,0.0,0.0,True
1212,504327,5975,0.0,0.0,True
1213,504327,5952,0.0,1.0,False
1214,504327,5961,0.0,0.0,True
1215,504327,5973,0.0,0.0,True
1216,488953,6002,1.0,1.0,True
1217,488953,5985,1.0,0.0,False
1218,488953,5983,1.0,1.0,True
1219,488953,5988,1.0,1.0,True
1220,488953,5997,1.0,0.0,False
1221,1851_2,6027,0.0,0.0,True
1222,1851_2,6084,0.0,0.0,True
1223,1851_2,6041,0.0,0.0,True
1224,1851_2,6119,0.0,1.0,False
1225,1851_2,6078,0.0,1.0,False
1226,1851_2,6092,0.0,0.0,True
1227,1851_2,6068,0.0,0.0,True
1228,1851_2,6126,0.0,0.0,True
1229,1851_2,6116,0.0,0.0,True
1230,1851_2,6142,0.0,0.0,True
1231,1851_2,6043,0.0,0.0,True
1232,1851_2,6151,0.0,0.0,True
1233,1851_2,6112,0.0,1.0,False
1234,1851_2,6021,0.0,0.0,True
1235,1851_2,6149,0.0,0.0,True
1236,1851_2,6015,0.0,0.0,True
1237,1851_2,6042,0.0,0.0,True
1238,1851_2,6141,0.0,0.0,True
1239,1851_2,6109,0.0,1.0,False
1240,1851_2,6096,0.0,0.0,True
1241,1851_2,6029,0.0,0.0,True
1242,1851_2,6037,0.0,1.0,False
1243,1851_2,6154,0.0,0.0,True
1244,1851_2,6019,0.0,0.0,True
1245,1851_2,6060,0.0,1.0,False
1246,1851_2,6036,0.0,0.0,True
1247,1851_2,6055,0.0,0.0,True
1248,1851_2,6075,0.0,1.0,False
1249,1851_2,6164,0.0,1.0,False
1250,1851_2,6069,0.0,0.0,True
1251,1851_2,6083,0.0,1.0,False
1252,1851_2,6091,0.0,0.0,True
1253,1851_2,6044,0.0,0.0,True
1254,1851_4,6295,1.0,0.0,False
1255,1851_4,6188,1.0,1.0,True
1256,1851_4,6278,1.0,1.0,True
1257,1851_4,6304,1.0,1.0,True
1258,1851_4,6286,1.0,0.0,False
1259,1851_4,6302,1.0,1.0,True
1260,1851_4,6269,1.0,1.0,True
1261,1851_4,6261,1.0,0.0,False
1262,1851_4,6299,1.0,1.0,True
1263,1851_4,6217,1.0,0.0,False
1264,1851_4,6231,1.0,1.0,True
1265,1851_4,6267,1.0,0.0,False
1266,1851_4,6322,1.0,0.0,False
1267,1851_4,6279,1.0,0.0,False
1268,1851_4,6271,1.0,0.0,False
1269,1851_4,6209,1.0,1.0,True
1270,1851_4,6300,1.0,1.0,True
1271,1851_4,6318,1.0,1.0,True
1272,1851_4,6285,1.0,0.0,False
1273,1851_4,6298,1.0,1.0,True
1274,1851_4,6264,1.0,1.0,True
1275,1851_4,6194,1.0,1.0,True
1276,1851_4,6287,1.0,0.0,False
1277,1851_4,6305,1.0,1.0,True
1278,1851_4,6310,1.0,1.0,True
1279,1851_4,6207,1.0,0.0,False
1280,1851_4,6182,1.0,0.0,False
1281,1851_4,6317,1.0,1.0,True
1282,1851_4,6314,1.0,1.0,True
1283,1851_4,6256,1.0,1.0,True
1284,1851_4,6239,1.0,1.0,True
1285,1851_1,6372,0.0,0.0,True
1286,1851_1,6393,0.0,1.0,False
1287,1851_1,6483,0.0,0.0,True
1288,1851_1,6409,1.0,1.0,True
1289,1851_1,6357,0.0,1.0,False
1290,1851_1,6414,0.0,1.0,False
1291,1851_1,6456,0.0,1.0,False
1292,1851_1,6464,0.0,1.0,False
1293,1851_1,6461,0.0,0.0,True
1294,1851_1,6398,0.0,0.0,True
1295,1851_1,6405,0.0,0.0,True
1296,1851_1,6453,0.0,0.0,True
1297,1851_1,6399,0.0,1.0,False
1298,1851_1,6362,1.0,0.0,False
1299,1851_1,6455,0.0,0.0,True
1300,1851_1,6442,0.0,0.0,True
1301,1851_1,6327,0.0,0.0,True
1302,1851_1,6428,0.0,1.0,False
1303,1851_1,6350,0.0,0.0,True
1304,1851_1,6473,0.0,0.0,True
1305,1851_1,6436,0.0,1.0,False
1306,1851_1,6454,0.0,0.0,True
1307,1851_1,6406,0.0,1.0,False
1308,1851_1,6477,0.0,1.0,False
1309,1851_1,6375,0.0,0.0,True
1310,1851_1,6440,1.0,0.0,False
1311,1851_1,6487,0.0,0.0,True
1312,1851_1,6435,1.0,1.0,True
1313,1851_1,6329,1.0,0.0,False
1314,1851_1,6412,0.0,1.0,False
1315,1851_1,6404,0.0,0.0,True
1316,1851_1,6444,0.0,0.0,True
1317,1851_1,6359,0.0,1.0,False
1318,1851_1,6430,0.0,1.0,False
1319,1851_3,6574,0.0,0.0,True
1320,1851_3,6551,0.0,0.0,True
1321,1851_3,6542,0.0,0.0,True
1322,1851_3,6534,0.0,1.0,False
1323,1851_3,6520,0.0,0.0,True
1324,1851_3,6519,0.0,0.0,True
1325,1851_3,6561,0.0,0.0,True
1326,1851_3,6495,0.0,0.0,True
1327,1851_3,6524,0.0,0.0,True
1328,1851_3,6626,0.0,1.0,False
1329,1851_3,6603,0.0,0.0,True
1330,1851_3,6605,0.0,0.0,True
1331,1851_3,6508,0.0,1.0,False
1332,1851_3,6579,0.0,1.0,False
1333,1851_3,6504,0.0,0.0,True
1334,1851_3,6612,0.0,0.0,True
1335,1851_3,6517,0.0,0.0,True
1336,1851_3,6536,0.0,0.0,True
1337,1851_3,6513,0.0,0.0,True
1338,1851_3,6630,0.0,0.0,True
1339,1851_3,6641,0.0,0.0,True
1340,1851_3,6627,0.0,0.0,True
1341,1851_3,6571,0.0,1.0,False
1342,1851_3,6523,0.0,1.0,False
1343,1851_3,6541,0.0,1.0,False
1344,1851_3,6530,0.0,1.0,False
1345,1851_3,6510,0.0,0.0,True
1346,1851_3,6548,0.0,0.0,True
1347,1851_3,6592,0.0,0.0,True
1348,1851_3,6512,0.0,1.0,False
1349,1851_3,6507,0.0,1.0,False
1350,1851_5,6765,0.0,0.0,True
1351,1851_5,6749,0.0,1.0,False
1352,1851_5,6702,0.0,0.0,True
1353,1851_5,6776,0.0,0.0,True
1354,1851_5,6745,0.0,0.0,True
1355,1851_5,6750,0.0,0.0,True
1356,1851_5,6782,0.0,1.0,False
1357,1851_5,6649,0.0,0.0,True
1358,1851_5,6655,0.0,0.0,True
1359,1851_5,6720,0.0,1.0,False
1360,1851_5,6650,0.0,1.0,False
1361,1851_5,6744,0.0,0.0,True
1362,1851_5,6763,0.0,1.0,False
1363,1851_5,6690,0.0,0.0,True
1364,1851_5,6741,0.0,0.0,True
1365,1851_5,6725,0.0,0.0,True
1366,1851_5,6777,0.0,0.0,True
1367,1851_5,6791,0.0,1.0,False
1368,1851_5,6796,0.0,0.0,True
1369,1851_5,6726,0.0,1.0,False
1370,1851_5,6686,0.0,0.0,True
1371,1851_5,6773,0.0,0.0,True
1372,1851_5,6713,0.0,1.0,False
1373,1851_5,6752,0.0,0.0,True
1374,1851_5,6769,0.0,1.0,False
1375,1851_5,6704,0.0,0.0,True
1376,1851_5,6692,0.0,0.0,True
1377,1851_5,6747,0.0,0.0,True
1378,1851_5,6689,0.0,0.0,True
1379,1851_5,6736,0.0,0.0,True
1380,1851_5,6756,0.0,1.0,False
1381,1851_5,6711,0.0,0.0,True
1382,449750,6811,1.0,1.0,True
1383,449750,6813,1.0,1.0,True
1384,449750,6821,1.0,0.0,False
1385,449750,6832,1.0,1.0,True
1386,449750,6828,1.0,0.0,False
1387,449750,6826,1.0,1.0,True
1388,449750,6819,1.0,0.0,False
1389,504847,6876,1.0,0.0,False
1390,504847,6883,1.0,1.0,True
1391,504847,6840,1.0,0.0,False
1392,504847,6896,1.0,0.0,False
1393,504847,6862,1.0,1.0,True
1394,504847,6846,1.0,1.0,True
1395,504847,6839,1.0,1.0,True
1396,504847,6835,1.0,0.0,False
1397,504847,6844,1.0,1.0,True
1398,504847,6865,1.0,1.0,True
1399,504847,6886,1.0,1.0,True
1400,504847,6872,1.0,1.0,True
1401,504847,6873,1.0,1.0,True
1402,504834,7245,0.0,1.0,False
1403,504834,7286,0.0,0.0,True
1404,504834,7364,0.0,1.0,False
1405,504834,7047,0.0,1.0,False
1406,504834,7434,0.0,1.0,False
1407,504834,7062,0.0,0.0,True
1408,504834,7270,0.0,1.0,False
1409,504834,7018,0.0,0.0,True
1410,504834,6903,0.0,0.0,True
1411,504834,7163,0.0,0.0,True
1412,504834,7384,0.0,0.0,True
1413,504834,6946,0.0,1.0,False
1414,504834,6944,0.0,1.0,False
1415,504834,6915,0.0,0.0,True
1416,504834,7376,0.0,0.0,True
1417,504834,7167,0.0,1.0,False
1418,504834,7138,0.0,0.0,True
1419,504834,7225,0.0,0.0,True
1420,504834,7234,0.0,0.0,True
1421,504834,7136,0.0,0.0,True
1422,504834,7246,0.0,0.0,True
1423,504834,7091,0.0,1.0,False
1424,504834,7070,0.0,0.0,True
1425,504834,6917,0.0,1.0,False
1426,504834,7412,0.0,0.0,True
1427,504834,7183,0.0,1.0,False
1428,504834,7399,0.0,0.0,True
1429,504834,7178,0.0,1.0,False
1430,504834,7297,0.0,0.0,True
1431,504834,7099,0.0,0.0,True
1432,504834,6937,0.0,0.0,True
1433,504834,7361,0.0,0.0,True
1434,504834,7418,0.0,0.0,True
1435,504834,7253,0.0,0.0,True
1436,504834,7103,0.0,0.0,True
1437,504834,7280,0.0,0.0,True
1438,504834,7010,0.0,1.0,False
1439,504834,6943,0.0,0.0,True
1440,504834,7374,0.0,0.0,True
1441,504834,7393,0.0,0.0,True
1442,504834,6970,0.0,1.0,False
1443,504834,7235,0.0,1.0,False
1444,504834,7440,0.0,1.0,False
1445,504834,7272,0.0,0.0,True
1446,504834,6942,0.0,1.0,False
1447,504834,7106,0.0,0.0,True
1448,504834,7273,0.0,0.0,True
1449,504834,7079,0.0,0.0,True
1450,504834,6941,0.0,0.0,True
1451,504834,6962,0.0,0.0,True
1452,504834,7174,0.0,1.0,False
1453,504834,7053,0.0,0.0,True
1454,504834,7020,0.0,1.0,False
1455,504834,6952,0.0,1.0,False
1456,504834,7065,0.0,0.0,True
1457,504834,6908,0.0,0.0,True
1458,504834,7215,0.0,0.0,True
1459,504834,7368,0.0,1.0,False
1460,504834,7021,0.0,0.0,True
1461,504834,7139,0.0,0.0,True
1462,504834,7261,0.0,0.0,True
1463,504834,7243,0.0,0.0,True
1464,504834,7379,0.0,1.0,False
1465,504834,7094,0.0,0.0,True
1466,504834,6953,0.0,0.0,True
1467,504834,7363,0.0,0.0,True
1468,504834,7055,0.0,0.0,True
1469,504834,7177,0.0,0.0,True
1470,504834,7213,0.0,0.0,True
1471,504834,7092,0.0,1.0,False
1472,504834,7347,0.0,0.0,True
1473,504834,7326,0.0,1.0,False
1474,504834,7145,0.0,0.0,True
1475,504834,7211,0.0,1.0,False
1476,504834,7096,0.0,1.0,False
1477,504834,7198,0.0,0.0,True
1478,504834,6967,0.0,0.0,True
1479,504834,7148,0.0,0.0,True
1480,504834,7151,0.0,0.0,True
1481,504834,6930,0.0,1.0,False
1482,504834,7277,0.0,1.0,False
1483,504834,7435,0.0,0.0,True
1484,504834,7027,0.0,1.0,False
1485,504834,7354,0.0,0.0,True
1486,504834,7259,0.0,0.0,True
1487,504834,7388,0.0,0.0,True
1488,504834,7209,0.0,0.0,True
1489,504834,7199,0.0,1.0,False
1490,504834,7242,0.0,0.0,True
1491,504834,6964,0.0,0.0,True
1492,504834,7169,0.0,0.0,True
1493,504834,6965,0.0,1.0,False
1494,504834,7080,0.0,0.0,True
1495,504834,6999,0.0,0.0,True
1496,504834,6975,0.0,0.0,True
1497,504834,7349,0.0,0.0,True
1498,504834,7076,0.0,0.0,True
1499,504834,7220,0.0,0.0,True
1500,504834,7258,0.0,1.0,False
1501,504834,7121,0.0,1.0,False
1502,504834,7078,0.0,1.0,False
1503,504834,7311,0.0,1.0,False
1504,504834,6935,0.0,0.0,True
1505,504834,7187,0.0,1.0,False
1506,504834,7303,0.0,0.0,True
1507,504834,7334,0.0,0.0,True
1508,504834,7382,0.0,1.0,False
1509,504834,7400,0.0,0.0,True
1510,504834,7197,0.0,0.0,True
1511,504834,7150,0.0,1.0,False
1512,504834,7137,0.0,1.0,False
1513,540317,7464,0.0,0.0,True
1514,540317,7509,0.0,1.0,False
1515,540317,7474,0.0,0.0,True
1516,540317,7503,0.0,0.0,True
1517,540317,7471,0.0,0.0,True
1518,540317,7470,0.0,0.0,True
1519,540317,7475,0.0,0.0,True
1520,540317,7507,0.0,0.0,True
1521,540317,7499,0.0,1.0,False
1522,540317,7452,0.0,0.0,True
1523,540317,7508,0.0,0.0,True
1524,540317,7451,0.0,0.0,True
1525,540317,7490,0.0,0.0,True
1526,588453,7571,0.0,0.0,True
1527,588453,7597,0.0,0.0,True
1528,588453,7621,0.0,1.0,False
1529,588453,7563,0.0,0.0,True
1530,588453,7580,0.0,0.0,True
1531,588453,7579,0.0,0.0,True
1532,588453,7618,0.0,0.0,True
1533,588453,7543,0.0,0.0,True
1534,588453,7521,0.0,1.0,False
1535,588453,7598,0.0,1.0,False
1536,588453,7564,0.0,0.0,True
1537,588453,7581,0.0,0.0,True
1538,588453,7593,0.0,0.0,True
1539,588453,7600,0.0,0.0,True
1540,588453,7544,0.0,0.0,True
1541,588453,7633,0.0,0.0,True
1542,588453,7595,0.0,0.0,True
1543,588453,7616,0.0,0.0,True
1544,588453,7552,0.0,0.0,True
1545,588453,7602,0.0,1.0,False
1546,588453,7654,0.0,0.0,True
1547,588453,7650,0.0,0.0,True
1548,588453,7583,0.0,0.0,True
1549,588453,7525,0.0,0.0,True
1550,588453,7536,0.0,0.0,True
1551,588453,7619,0.0,0.0,True
1552,588453,7601,0.0,0.0,True
1553,588453,7611,0.0,1.0,False
1554,588453,7516,0.0,0.0,True
1555,588590,7679,0.0,0.0,True
1556,588590,7746,0.0,0.0,True
1557,588590,7682,0.0,0.0,True
1558,588590,7724,0.0,0.0,True
1559,588590,7768,0.0,0.0,True
1560,588590,7754,0.0,0.0,True
1561,588590,7670,0.0,1.0,False
1562,588590,7669,0.0,1.0,False
1563,588590,7676,0.0,0.0,True
1564,588590,7707,0.0,0.0,True
1565,588590,7759,0.0,1.0,False
1566,588590,7747,0.0,0.0,True
1567,588590,7787,0.0,0.0,True
1568,588590,7674,0.0,0.0,True
1569,588590,7723,0.0,1.0,False
1570,588590,7722,0.0,0.0,True
1571,588590,7701,0.0,0.0,True
1572,588590,7662,0.0,0.0,True
1573,588590,7765,0.0,0.0,True
1574,588590,7680,0.0,0.0,True
1575,588590,7689,0.0,0.0,True
1576,588590,7691,0.0,0.0,True
1577,588590,7698,0.0,1.0,False
1578,588590,7720,0.0,0.0,True
1579,588590,7686,0.0,0.0,True
1580,588590,7656,0.0,0.0,True
1581,588590,7710,0.0,0.0,True
1582,588590,7730,0.0,1.0,False
1583,588795,7795,0.0,0.0,True
1584,588795,7800,1.0,1.0,True
1585,588795,7810,1.0,1.0,True
1586,588795,7796,0.0,0.0,True
1587,588795,7809,0.0,1.0,False
1588,504845,7835,0.0,0.0,True
1589,504845,7837,0.0,1.0,False
1590,504845,7823,0.0,0.0,True
1591,504845,7831,0.0,0.0,True
1592,504845,7836,0.0,1.0,False
1593,504845,7817,0.0,0.0,True
1594,588856,7917,0.0,1.0,False
1595,588856,7865,0.0,0.0,True
1596,588856,7900,0.0,0.0,True
1597,588856,7913,0.0,1.0,False
1598,588856,7881,0.0,0.0,True
1599,588856,7916,0.0,0.0,True
1600,588856,7859,0.0,1.0,False
1601,588856,7872,0.0,0.0,True
1602,588856,7877,0.0,0.0,True
1603,588856,7901,0.0,0.0,True
1604,588856,7923,0.0,0.0,True
1605,588856,7911,0.0,0.0,True
1606,588856,7840,0.0,0.0,True
1607,588856,7910,0.0,0.0,True
1608,588856,7848,0.0,0.0,True
1609,588856,7874,0.0,1.0,False
1610,588856,7885,0.0,0.0,True
1611,504832,8271,0.0,0.0,True
1612,504832,8190,0.0,1.0,False
1613,504832,8056,0.0,0.0,True
1614,504832,8069,0.0,1.0,False
1615,504832,8408,0.0,1.0,False
1616,504832,8386,0.0,0.0,True
1617,504832,8042,0.0,0.0,True
1618,504832,7961,0.0,1.0,False
1619,504832,7941,0.0,0.0,True
1620,504832,7982,0.0,1.0,False
1621,504832,8316,0.0,0.0,True
1622,504832,8015,0.0,1.0,False
1623,504832,8057,0.0,0.0,True
1624,504832,8288,0.0,0.0,True
1625,504832,8198,0.0,0.0,True
1626,504832,8100,0.0,0.0,True
1627,504832,8270,0.0,0.0,True
1628,504832,8195,0.0,0.0,True
1629,504832,8282,0.0,0.0,True
1630,504832,8431,0.0,0.0,True
1631,504832,8405,0.0,0.0,True
1632,504832,8404,0.0,0.0,True
1633,504832,8355,0.0,0.0,True
1634,504832,8146,0.0,0.0,True
1635,504832,8265,0.0,0.0,True
1636,504832,8451,0.0,0.0,True
1637,504832,8201,0.0,0.0,True
1638,504832,8177,0.0,0.0,True
1639,504832,8084,0.0,1.0,False
1640,504832,8053,0.0,0.0,True
1641,504832,8350,0.0,0.0,True
1642,504832,8308,0.0,0.0,True
1643,504832,8290,0.0,0.0,True
1644,504832,8345,0.0,1.0,False
1645,504832,8303,0.0,0.0,True
1646,504832,8073,0.0,0.0,True
1647,504832,7939,0.0,1.0,False
1648,504832,8245,0.0,1.0,False
1649,504832,8432,0.0,0.0,True
1650,504832,7972,0.0,0.0,True
1651,504832,8191,0.0,0.0,True
1652,504832,8038,0.0,0.0,True
1653,504832,8433,0.0,0.0,True
1654,504832,8164,0.0,0.0,True
1655,504832,8141,0.0,1.0,False
1656,504832,8133,0.0,0.0,True
1657,504832,8312,0.0,0.0,True
1658,504832,8251,0.0,0.0,True
1659,504832,7990,0.0,1.0,False
1660,504832,8018,0.0,0.0,True
1661,504832,7987,0.0,0.0,True
1662,504832,7927,0.0,0.0,True
1663,504832,7925,0.0,1.0,False
1664,504832,7960,0.0,1.0,False
1665,504832,8107,0.0,0.0,True
1666,504832,7994,0.0,0.0,True
1667,504832,8328,0.0,0.0,True
1668,504832,8440,0.0,1.0,False
1669,504832,8148,0.0,0.0,True
1670,504832,7989,0.0,1.0,False
1671,504832,7968,0.0,0.0,True
1672,504832,8305,0.0,1.0,False
1673,504832,8169,0.0,1.0,False
1674,504832,8220,0.0,0.0,True
1675,504832,8060,0.0,1.0,False
1676,504832,7975,0.0,1.0,False
1677,504832,8058,0.0,1.0,False
1678,504832,7985,0.0,0.0,True
1679,504832,8280,0.0,0.0,True
1680,504832,8208,0.0,0.0,True
1681,504832,8341,0.0,1.0,False
1682,504832,8224,0.0,0.0,True
1683,504832,7951,0.0,1.0,False
1684,504832,8235,0.0,1.0,False
1685,504832,8027,0.0,0.0,True
1686,504832,8428,0.0,0.0,True
1687,504832,8362,0.0,0.0,True
1688,504832,8246,0.0,1.0,False
1689,504832,8033,0.0,0.0,True
1690,504832,8210,0.0,1.0,False
1691,504832,8437,0.0,0.0,True
1692,504832,8178,0.0,0.0,True
1693,504832,8000,0.0,0.0,True
1694,504832,8371,0.0,0.0,True
1695,504832,8129,0.0,0.0,True
1696,504832,8044,0.0,0.0,True
1697,504832,7981,0.0,1.0,False
1698,504832,8281,0.0,0.0,True
1699,504832,7976,0.0,0.0,True
1700,504832,8317,0.0,1.0,False
1701,504832,8209,0.0,1.0,False
1702,504832,8097,0.0,0.0,True
1703,504832,8387,0.0,0.0,True
1704,504832,7931,0.0,0.0,True
1705,504832,8185,0.0,0.0,True
1706,504832,8442,0.0,0.0,True
1707,504832,8247,0.0,0.0,True
1708,504832,8108,0.0,0.0,True
1709,504832,8274,0.0,1.0,False
1710,504832,8142,0.0,1.0,False
1711,504832,8430,0.0,0.0,True
1712,504832,8329,0.0,0.0,True
1713,504832,8311,0.0,0.0,True
1714,504832,8301,0.0,1.0,False
1715,504832,7992,0.0,1.0,False
1716,504832,8012,0.0,0.0,True
1717,588855,8463,0.0,0.0,True
1718,588855,8502,0.0,0.0,True
1719,588855,8459,0.0,0.0,True
1720,588855,8489,0.0,1.0,False
1721,588855,8476,0.0,0.0,True
1722,588855,8501,0.0,0.0,True
1723,588855,8464,0.0,0.0,True
1724,588855,8496,0.0,1.0,False
1725,588855,8471,0.0,0.0,True
1726,588855,8526,0.0,1.0,False
1727,588855,8458,0.0,0.0,True
1728,588855,8516,0.0,0.0,True
1729,588855,8470,0.0,1.0,False
1730,588855,8461,0.0,1.0,False
1731,588855,8454,0.0,1.0,False
1732,588855,8473,0.0,0.0,True
1733,121,8529,0.0,0.0,True
1734,121,8544,0.0,0.0,True
1735,121,8546,0.0,0.0,True
1736,121,8530,0.0,0.0,True
1737,624032,8559,0.0,0.0,True
1738,624032,8558,0.0,1.0,False
1739,624032,8561,0.0,0.0,True
1740,624032,8569,0.0,1.0,False
1741,624032,8566,0.0,1.0,False
1742,119,8582,0.0,0.0,True
1743,119,8581,0.0,0.0,True
1744,119,8570,0.0,0.0,True
1745,119,8586,0.0,1.0,False
1746,119,8584,0.0,0.0,True
1747,624296,8635,1.0,1.0,True
1748,624296,8731,1.0,1.0,True
1749,624296,8691,1.0,1.0,True
1750,624296,8608,1.0,1.0,True
1751,624296,8689,1.0,1.0,True
1752,624296,8698,1.0,0.0,False
1753,624296,8659,1.0,1.0,True
1754,624296,8670,1.0,1.0,True
1755,624296,8652,1.0,1.0,True
1756,624296,8603,1.0,1.0,True
1757,624296,8692,1.0,0.0,False
1758,624296,8653,1.0,0.0,False
1759,624296,8648,1.0,1.0,True
1760,624296,8604,1.0,1.0,True
1761,624296,8675,1.0,1.0,True
1762,624296,8665,1.0,1.0,True
1763,624296,8633,1.0,0.0,False
1764,624296,8641,1.0,0.0,False
1765,624296,8631,1.0,1.0,True
1766,624296,8728,1.0,0.0,False
1767,624296,8722,1.0,1.0,True
1768,624296,8597,1.0,1.0,True
1769,624296,8718,1.0,0.0,False
1770,624296,8595,1.0,1.0,True
1771,624296,8677,1.0,1.0,True
1772,624296,8696,1.0,1.0,True
1773,624296,8636,1.0,0.0,False
1774,624296,8699,1.0,1.0,True
1775,624296,8654,1.0,1.0,True
1776,651965,8796,1.0,1.0,True
1777,651965,8793,1.0,0.0,False
1778,651965,8762,1.0,1.0,True
1779,651965,8785,1.0,1.0,True
1780,651965,8773,1.0,1.0,True
1781,651965,8815,1.0,0.0,False
1782,651965,8813,1.0,0.0,False
1783,651965,8761,1.0,1.0,True
1784,651965,8805,1.0,1.0,True
1785,651965,8792,1.0,0.0,False
1786,651965,8821,1.0,1.0,True
1787,651965,8751,1.0,1.0,True
1788,651965,8784,1.0,0.0,False
1789,651965,8801,1.0,1.0,True
1790,651965,8752,1.0,1.0,True
1791,651965,8753,1.0,1.0,True
1792,651965,8788,1.0,1.0,True
1793,651965,8734,1.0,1.0,True
1794,651965,8782,1.0,1.0,True
1795,624170,8826,0.0,0.0,True
1796,624170,8851,0.0,0.0,True
1797,624170,8836,0.0,0.0,True
1798,624170,8843,0.0,0.0,True
1799,624170,8853,0.0,0.0,True
1800,624170,8846,0.0,1.0,False
1801,624170,8830,0.0,0.0,True
1802,651820,8877,1.0,0.0,False
1803,651820,8857,1.0,1.0,True
1804,651820,8872,1.0,1.0,True
1805,651820,8879,1.0,1.0,True
1806,651820,8863,1.0,1.0,True
1807,651820,8865,1.0,1.0,True
1808,651820,8900,1.0,0.0,False
1809,651820,8880,1.0,1.0,True
1810,651820,8897,1.0,1.0,True
1811,651820,8871,1.0,1.0,True
1812,651820,8898,1.0,1.0,True
1813,651820,8869,1.0,0.0,False
1814,651820,8890,1.0,1.0,True
1815,651820,8911,1.0,1.0,True
1816,624297,8949,0.0,1.0,False
1817,624297,9015,0.0,0.0,True
1818,624297,8972,0.0,1.0,False
1819,624297,8966,0.0,0.0,True
1820,624297,9046,0.0,1.0,False
1821,624297,9070,0.0,0.0,True
1822,624297,8982,0.0,0.0,True
1823,624297,8955,0.0,0.0,True
1824,624297,9011,0.0,0.0,True
1825,624297,8977,0.0,1.0,False
1826,624297,8925,0.0,0.0,True
1827,624297,8931,0.0,0.0,True
1828,624297,8950,0.0,1.0,False
1829,624297,9041,0.0,1.0,False
1830,624297,9021,0.0,1.0,False
1831,624297,9067,0.0,0.0,True
1832,624297,9043,0.0,0.0,True
1833,624297,9039,0.0,0.0,True
1834,624297,8959,0.0,0.0,True
1835,624297,9032,0.0,1.0,False
1836,624297,9063,0.0,0.0,True
1837,624297,8926,0.0,0.0,True
1838,624297,8929,0.0,0.0,True
1839,624297,8990,0.0,1.0,False
1840,624297,9068,0.0,1.0,False
1841,624297,9030,0.0,0.0,True
1842,624297,8953,0.0,1.0,False
1843,624297,9053,0.0,0.0,True
1844,624297,9050,0.0,1.0,False
1845,624297,8923,0.0,0.0,True
1846,624297,9016,0.0,1.0,False
1847,651635,9080,0.0,0.0,True
1848,651635,9094,1.0,1.0,True
1849,651635,9100,0.0,1.0,False
1850,651635,9129,1.0,0.0,False
1851,651635,9084,0.0,0.0,True
1852,651635,9123,1.0,1.0,True
1853,651635,9102,0.0,0.0,True
1854,651635,9086,0.0,0.0,True
1855,651635,9142,1.0,1.0,True
1856,651635,9120,0.0,0.0,True
1857,651635,9103,0.0,1.0,False
1858,651635,9098,0.0,0.0,True
1859,651635,9076,1.0,1.0,True
1860,651635,9117,1.0,1.0,True
1861,651635,9139,1.0,1.0,True
1862,624417,9205,0.0,0.0,True
1863,624417,9183,0.0,0.0,True
1864,624417,9156,0.0,0.0,True
1865,624417,9196,0.0,0.0,True
1866,624417,9153,0.0,0.0,True
1867,624417,9177,0.0,1.0,False
1868,624417,9272,0.0,0.0,True
1869,624417,9243,0.0,0.0,True
1870,624417,9192,0.0,0.0,True
1871,624417,9278,0.0,0.0,True
1872,624417,9165,0.0,0.0,True
1873,624417,9268,0.0,1.0,False
1874,624417,9296,0.0,0.0,True
1875,624417,9149,0.0,0.0,True
1876,624417,9293,0.0,0.0,True
1877,624417,9229,0.0,0.0,True
1878,624417,9305,0.0,0.0,True
1879,624417,9282,0.0,1.0,False
1880,624417,9235,0.0,0.0,True
1881,624417,9308,0.0,0.0,True
1882,624417,9173,0.0,0.0,True
1883,624417,9288,0.0,0.0,True
1884,624417,9164,0.0,1.0,False
1885,624417,9255,0.0,1.0,False
1886,624417,9170,0.0,0.0,True
1887,624417,9226,0.0,1.0,False
1888,624417,9232,0.0,1.0,False
1889,624417,9169,0.0,1.0,False
1890,624417,9287,0.0,1.0,False
1891,624417,9220,0.0,0.0,True
1892,624417,9284,0.0,0.0,True
1893,624417,9216,0.0,0.0,True
1894,624417,9179,0.0,0.0,True
1895,624417,9193,0.0,0.0,True
1896,624202,9345,1.0,1.0,True
1897,624202,9348,1.0,0.0,False
1898,624202,9378,1.0,1.0,True
1899,624202,9328,1.0,1.0,True
1900,624202,9383,1.0,1.0,True
1901,624202,9390,1.0,1.0,True
1902,624202,9341,1.0,0.0,False
1903,624202,9368,1.0,1.0,True
1904,624202,9365,1.0,0.0,False
1905,624202,9340,1.0,1.0,True
1906,624202,9343,1.0,0.0,False
1907,624202,9382,1.0,1.0,True
1908,624202,9350,1.0,1.0,True
1909,624202,9363,1.0,1.0,True
1910,624202,9351,1.0,0.0,False
1911,624202,9344,1.0,1.0,True
1912,624287,9403,0.0,0.0,True
1913,624287,9402,0.0,0.0,True
1914,624287,9394,0.0,1.0,False
1915,624287,9400,0.0,0.0,True
1916,624287,9413,0.0,0.0,True
1917,624288,9415,0.0,1.0,False
1918,624288,9414,0.0,1.0,False
1919,624288,9426,0.0,0.0,True
1920,624288,9438,0.0,0.0,True
1921,624288,9437,0.0,1.0,False
1922,624288,9418,0.0,0.0,True
1923,624288,9425,0.0,0.0,True
1924,651644,9447,0.0,0.0,True
1925,651644,9468,0.0,0.0,True
1926,651644,9471,0.0,0.0,True
1927,651644,9466,0.0,0.0,True
1928,651644,9453,0.0,1.0,False
1929,651644,9463,0.0,1.0,False
1930,651644,9446,0.0,0.0,True
1931,652104,9516,1.0,1.0,True
1932,652104,9537,1.0,1.0,True
1933,652104,9540,1.0,1.0,True
1934,652104,9519,1.0,1.0,True
1935,652104,9503,1.0,1.0,True
1936,652104,9541,1.0,1.0,True
1937,652104,9534,1.0,1.0,True
1938,652104,9532,1.0,0.0,False
1939,652104,9543,1.0,0.0,False
1940,652104,9489,1.0,0.0,False
1941,652104,9517,1.0,0.0,False
1942,652104,9488,1.0,1.0,True
1943,652104,9530,1.0,0.0,False
1944,652104,9481,1.0,1.0,True
1945,652104,9493,1.0,1.0,True
1946,652104,9504,1.0,1.0,True
1947,720579,9562,1.0,1.0,True
1948,720579,9558,1.0,0.0,False
1949,720579,9567,1.0,1.0,True
1950,720579,9568,1.0,0.0,False
1951,720579,9575,1.0,1.0,True
1952,720533,9585,1.0,1.0,True
1953,720533,9586,1.0,1.0,True
1954,720533,9602,1.0,1.0,True
1955,720533,9610,1.0,0.0,False
1956,720533,9577,1.0,1.0,True
1957,720533,9587,1.0,1.0,True
1958,720533,9583,1.0,0.0,False
1959,720533,9594,1.0,1.0,True
1960,720542,9626,0.0,0.0,True
1961,720542,9631,0.0,0.0,True
1962,720542,9633,0.0,1.0,False
1963,720542,9627,0.0,0.0,True
1964,720542,9630,0.0,0.0,True
1965,720580,9646,1.0,1.0,True
1966,720580,9644,1.0,1.0,True
1967,720580,9654,1.0,0.0,False
1968,720580,9651,1.0,0.0,False
1969,720580,9634,1.0,1.0,True
1970,720504,9660,1.0,1.0,True
1971,720504,9667,1.0,0.0,False
1972,720504,9669,1.0,1.0,True
1973,720504,9659,1.0,1.0,True
1974,720504,9681,1.0,1.0,True
1975,720504,9683,1.0,1.0,True
1976,720532,9744,1.0,1.0,True
1977,720532,9706,1.0,0.0,False
1978,720532,9722,1.0,1.0,True
1979,720532,9743,1.0,0.0,False
1980,720532,9715,1.0,1.0,True
1981,720532,9688,1.0,1.0,True
1982,720532,9708,1.0,0.0,False
1983,720532,9695,1.0,1.0,True
1984,720532,9693,1.0,1.0,True
1985,720532,9694,1.0,1.0,True
1986,720532,9702,1.0,0.0,False
1987,720532,9717,1.0,1.0,True
1988,720532,9724,1.0,0.0,False
1989,1159524,9862,0.0,0.0,True
1990,1159524,9819,0.0,0.0,True
1991,1159524,9774,0.0,1.0,False
1992,1159524,9852,0.0,0.0,True
1993,1159524,9896,0.0,1.0,False
1994,1159524,9771,0.0,1.0,False
1995,1159524,9770,0.0,0.0,True
1996,1159524,9831,0.0,0.0,True
1997,1159524,9749,0.0,0.0,True
1998,1159524,9796,0.0,0.0,True
1999,1159524,9906,0.0,0.0,True
2000,1159524,9887,0.0,0.0,True
2001,1159524,9836,0.0,0.0,True
2002,1159524,9851,0.0,0.0,True
2003,1159524,9915,0.0,0.0,True
2004,1159524,9803,0.0,1.0,False
2005,1159524,9752,0.0,1.0,False
2006,1159524,9822,0.0,0.0,True
2007,1159524,9878,0.0,0.0,True
2008,1159524,9813,0.0,0.0,True
2009,1159524,9898,0.0,0.0,True
2010,1159524,9789,0.0,0.0,True
2011,1159524,9753,0.0,0.0,True
2012,1159524,9875,0.0,0.0,True
2013,1159524,9859,0.0,1.0,False
2014,1159524,9900,0.0,1.0,False
2015,1159524,9889,0.0,0.0,True
2016,1159524,9778,0.0,0.0,True
2017,1159524,9823,0.0,0.0,True
2018,1159524,9747,0.0,0.0,True
2019,1159524,9820,0.0,1.0,False
2020,1159524,9804,0.0,0.0,True
2021,1159524,9853,0.0,0.0,True
2022,1159524,9788,0.0,0.0,True
2023,1159524,9769,0.0,0.0,True
2024,1159524,9765,0.0,1.0,False
2025,1117304,9933,0.0,1.0,False
2026,1117304,9939,0.0,0.0,True
2027,1117304,9963,0.0,1.0,False
2028,1117304,9946,0.0,0.0,True
2029,1117304,9953,0.0,1.0,False
2030,1117304,9941,0.0,0.0,True
2031,1117304,9969,0.0,0.0,True
2032,1117304,9940,0.0,1.0,False
2033,1117304,9974,0.0,0.0,True
2034,1117304,9950,0.0,1.0,False
2035,1117304,9956,0.0,1.0,False
2036,1117304,9984,0.0,0.0,True
2037,1117304,9951,0.0,0.0,True
2038,1117304,9929,0.0,0.0,True
2039,1117304,9945,0.0,0.0,True
2040,1117304,9936,0.0,0.0,True
2041,1117305,10050,0.0,0.0,True
2042,1117305,10003,0.0,1.0,False
2043,1117305,10005,0.0,1.0,False
2044,1117305,10020,0.0,0.0,True
2045,1117305,10030,0.0,1.0,False
2046,1117305,10043,0.0,0.0,True
2047,1117305,10026,0.0,0.0,True
2048,1117305,10033,0.0,0.0,True
2049,1117305,10053,0.0,1.0,False
2050,1117305,10028,0.0,0.0,True
2051,1117305,10044,0.0,0.0,True
2052,1117305,10000,0.0,0.0,True
2053,1117305,10012,0.0,1.0,False
2054,1117305,10037,0.0,1.0,False
2055,1117305,10010,0.0,0.0,True
